Question,Option_A,Option_B,Option_C,Option_D,Answer
What is an example of a psychological barrier to effective communication? ,Language,Attitudes,Norms,Technology,B
What is one way that creativity can help businesses find unique solutions to problems?,"By thinking outside the box, businesses can come up with innovative solutions that may not have been considered before.","By thinking critically, businesses can come up with logical solutions that are supported by evidence and data.","By thinking collaboratively, businesses can come up with collective solutions that benefit all stakeholders.","By thinking strategically, businesses can come up with optimal solutions that align with their goals and vision.",A
What is one reason why cross-cultural communication is important in today’s globalized world? ,It is crucial to successfully conduct business with teams and stakeholders from around the world.,It is crucial to successfully enjoy and appreciate different arts and entertainment from around the world.,It is crucial to successfully learn and acquire new skills and knowledge from around the world.,It is crucial to successfully travel and explore different places and cultures around the world.,A
What is cross-cultural communication?,The communication between people from different linguistic backgrounds.,The communication between people from different cultural backgrounds.,The communication between people from the same cultural background.,The communication between people from the same linguistic background.,B
What is an example of a semantic barrier to effective communication? ,Personality,Culture,Meanings,Noise,C
What is one field of study that is involved in cross-cultural communication? ,Chemistry,Biology,Anthropology,Physics,C
Which of the following is an example of active listening? , Nodding and smiling while the customer is talking, Checking your phone or email while the customer is talking, Asking open-ended questions to elicit more information, Giving your opinion or advice before the customer finishes talking,C
What is one way that creativity can help businesses foster an environment that promotes innovation and new ideas? ,"By encouraging creativity in business communication, businesses can create an environment where team members feel comfortable sharing their ideas and working together to achieve a common goal.","By encouraging creativity in business communication, businesses can create an environment where team members feel free to experiment and learn from their failures.","By encouraging creativity in business communication, businesses can create an environment where team members feel valued and appreciated for their contributions.","By encouraging creativity in business communication, businesses can create an environment where team members feel challenged and motivated to perform better.",B
What is the definition of business communication? ,The exchange of information between people within and outside a company to achieve a fundamental goal.,The exchange of information between people within a company to achieve a fundamental goal.,The exchange of information between people outside a company to achieve a fundamental goal., None of the above.,A
Which of the following is an example of ease of communication? , Providing multiple channels of communication, Speaking very fast and using complex sentences, Using a lot of acronyms and abbreviations, Giving vague and ambiguous answers,A
What is one way that creativity can help improve collaboration among team members? ,"By encouraging creative thinking, businesses can create an environment where team members feel comfortable sharing their ideas and working together to achieve a common goal.","By encouraging creative thinking, businesses can create an environment where team members feel inspired and energized by their work and projects.","By encouraging creative thinking, businesses can create an environment where team members feel respected and listened to by their peers and managers.","By encouraging creative thinking, businesses can create an environment where team members feel empowered and trusted to make decisions and take actions.",A
Which of the following is an example of empathetic listening? , Interrupting the customer to offer a solution, Telling the customer to calm down and be patient, Paraphrasing the customer’s issue to confirm understanding, Changing the topic to something more positive,C
What is one way that creativity can help businesses differentiate themselves from their competitors? ,"By using creative communication strategies, businesses can capture the attention of their target audience and make a lasting impression.","By using creative communication strategies, businesses can avoid legal issues and comply with regulations.","By using creative communication strategies, businesses can improve their internal processes and efficiency.","By using creative communication strategies, businesses can reduce their costs and increase their profits.",A
What is one challenge that can arise in cross-cultural communication? , Misunderstandings due to factual errors and misinformation., Misunderstandings due to language differences and translation issues., Misunderstandings due to personal preferences and opinions., Misunderstandings due to technical difficulties and network issues.,B
"What is one form of communication that involves the use of images, graphics, and videos? ", Nonverbal communication,Visual communication,Written communication,Verbal communication,B
What is one quality that is essential for effective listening? ,Concentration,Humor,Confidence,Curiosity,A
What is an example of an organizational barrier to effective communication? ,Channels,Expressions,Styles,Proficiency,A
What is an example of a cultural barrier to effective communication? ,Translation,Vision,Values,Conflict,C
What is one quality that is essential for effective cross-cultural communication? ,Curiosity,Humor,Confidence,Empathy,D
What is one way that creativity can help increase engagement among employees and customers? ,"By using creative communication strategies, businesses can solicit feedback and suggestions from their target audience and improve their products and services.","By using creative communication strategies, businesses can capture the attention of their target audience and keep them engaged.","By using creative communication strategies, businesses can communicate their values and mission to their target audience and build trust and loyalty.","By using creative communication strategies, businesses can provide incentives and rewards to their target audience and increase their satisfaction and retention.",B